Cedula,Nombre,Apellido,Direccion,Telefono,Email
14495652,Lek,Byrne,2433 Badeau Park,293-5768261,lbyrne0@clickbank.net
04302307,Stevie,Byford,958 Sunnyside Trail,542-8425608,sbyford1@webmd.com
39246863,Tersina,O'Sheerin,89012 Shelley Parkway,932-3841293,tosheerin2@mac.com
80360423,Iseabal,Jerg,788 Grayhawk Terrace,585-9151888,ijerg3@cocolog-nifty.com
99679003,Sherwood,Kemmis,7 Armistice Terrace,304-2292656,skemmis4@hugedomains.com
28598353,Bran,Micklewicz,5 Burning Wood Place,405-2207894,bmicklewicz5@elegantthemes.com
48130345,Heath,Gorwood,20 Oneill Drive,781-7854929,hgorwood6@cbslocal.com
69050735,Mae,Crane,03501 Havey Drive,604-3077150,mcrane7@about.com
14489738,Georgeanna,Jakobssen,560 Mayfield Lane,678-3270385,gjakobssen8@pinterest.com
67765337,Eada,M'Chirrie,04 Shelley Circle,749-2001649,emchirrie9@shinystat.com
06735336,Shaylynn,Quoit,74124 Moland Way,912-9351676,squoita@nhs.uk
97263346,Michelle,Praten,438 Kipling Street,287-0130127,mpratenb@rakuten.co.jp
65010573,Yalonda,Goney,3 Pawling Terrace,803-9797743,ygoneyc@chicagotribune.com
29282814,Laurena,Ascroft,98907 Hollow Ridge Alley,081-4283322,lascroftd@census.gov
62620285,Kasey,Matula,2198 Mallard Road,529-4270923,kmatulae@pen.io
06450691,Giacomo,Olenin,261 Summer Ridge Avenue,585-0687468,goleninf@columbia.edu
06727934,Sonnie,Girardot,299 Washington Pass,241-0670641,sgirardotg@smugmug.com
20262700,Raff,Eighteen,0217 Waywood Place,888-5201282,reighteenh@domainmarket.com
79070639,Rutherford,Craddy,8948 Sullivan Point,950-1856831,rcraddyi@ow.ly
13096984,Sergei,Jaskowicz,87239 Cambridge Street,162-6755333,sjaskowiczj@123-reg.co.uk
69635218,Feliks,Spaven,08023 Morrow Court,948-0448048,fspavenk@jimdo.com
68430379,Corella,Joslyn,7 Northfield Parkway,917-9621187,cjoslynl@google.com.hk
66076209,Glynn,Szymonwicz,16 Tennessee Point,440-4714553,gszymonwiczm@guardian.co.uk
76063954,Erina,Rossi,73 Bartillon Street,003-8236349,erossin@meetup.com
15775862,Brien,Lacknor,944 Reinke Circle,124-6799431,blacknoro@bluehost.com
38681212,Korie,Crummey,13 Badeau Center,601-8322817,kcrummeyp@phpbb.com
63199157,Jolee,Tramel,7389 Stuart Hill,488-4707363,jtramelq@blog.com
72825671,Zola,O'Loughane,70958 Pine View Pass,461-9273381,zoloughaner@sina.com.cn
62589320,Jacenta,Simononsky,72 Loftsgordon Park,374-1011896,jsimononskys@huffingtonpost.com
34310926,Yelena,MacGilrewy,03779 Tennyson Street,238-6562655,ymacgilrewyt@umich.edu
53592541,Lauraine,Scragg,0 Bashford Parkway,126-3273711,lscraggu@vimeo.com
38114927,Land,Smorthwaite,9491 Hagan Street,791-4149488,lsmorthwaitev@reuters.com
92041517,Lyndell,Renihan,50 Vahlen Parkway,768-8122755,lrenihanw@narod.ru
28046313,Esther,Derx,32140 Alpine Point,057-2664672,ederxx@cloudflare.com
16717657,Logan,Furzer,87165 Jana Terrace,465-7352329,lfurzery@youku.com
38650660,Allene,MacAne,0 Stang Trail,772-8694760,amacanez@blogs.com
76227901,Dela,Marchington,3 Maywood Pass,925-9730494,dmarchington10@google.cn
56409982,Pauly,Dedam,12 Lighthouse Bay Pass,166-6839936,pdedam11@artisteer.com
47097955,Janene,Faulconbridge,514 Golf Course Terrace,515-6140695,jfaulconbridge12@yelp.com
28976186,Binny,Larmouth,92 Blue Bill Park Junction,743-4000575,blarmouth13@about.com
95667372,Eleanora,Barhem,41389 Tennyson Hill,143-7414454,ebarhem14@cpanel.net
81603775,Elfrida,Snoddin,546 Drewry Parkway,218-3068255,esnoddin15@aboutads.info
71908106,Issie,Withams,276 Debra Plaza,510-8588044,iwithams16@kickstarter.com
28444483,Stacie,Guiu,5025 Surrey Circle,302-9435433,sguiu17@hibu.com
68955900,Kendal,Fiveash,36446 Kropf Court,954-4806189,kfiveash18@booking.com
62633073,Curtis,Lambie,0563 Welch Road,655-2573551,clambie19@forbes.com
25014667,Dina,Helian,72 Boyd Lane,147-8320077,dhelian1a@ycombinator.com
09067767,Clarance,Hearsum,4568 Almo Alley,116-5978939,chearsum1b@baidu.com
74726905,Dav,Fosbraey,314 Esch Street,045-4192704,dfosbraey1c@blogger.com
43440445,Ole,Olenchenko,7 Bellgrove Hill,611-9440182,oolenchenko1d@fotki.com
14091139,Kilian,Gamble,96088 Prentice Plaza,149-6330033,kgamble1e@ow.ly
19639398,Meara,Pomfret,9497 Upham Street,176-4432056,mpomfret1f@parallels.com
80632264,Zollie,Poston,83 Summit Pass,684-8609494,zposton1g@tuttocitta.it
01014274,Case,Klein,93 Corry Lane,547-3400983,cklein1h@pagesperso-orange.fr
72380970,Stanford,Dench,15 Hanson Center,821-6595762,sdench1i@state.tx.us
36777213,Andie,Pesak,4632 Ronald Regan Pass,861-5299039,apesak1j@youku.com
28520309,Elyse,Keddle,1 Spenser Point,088-5331212,ekeddle1k@si.edu
51404377,Hamnet,Goodhall,12154 Green Ridge Street,424-2196802,hgoodhall1l@theglobeandmail.com
51633658,Mariejeanne,Shenfish,7 Novick Road,430-3762946,mshenfish1m@indiatimes.com
36523326,Damon,Cream,26155 Stephen Road,563-6799853,dcream1n@yellowpages.com
11514066,Heywood,Conelly,219 Beilfuss Hill,459-4612157,hconelly1o@mashable.com
55844285,Joline,Stenson,43136 Caliangt Way,480-7872325,jstenson1p@google.com
31295161,Rosco,Ewbank,8674 Elka Drive,542-3681559,rewbank1q@hc360.com
36143088,Jolyn,Brownbridge,769 Judy Way,409-4690750,jbrownbridge1r@dailymotion.com
73584566,Dorthy,Scardifeild,91 Hoepker Junction,305-7905424,dscardifeild1s@bloglovin.com
19991679,Caresse,Borley,0836 Oriole Street,443-2578244,cborley1t@nbcnews.com
63640892,Adelaide,Brewers,5305 Coolidge Parkway,270-0506155,abrewers1u@businessweek.com
04785560,Rebecka,Lau,1150 Lake View Center,037-2818642,rlau1v@mac.com
54723026,Valaree,McGenn,6 Ohio Way,987-8366970,vmcgenn1w@timesonline.co.uk
30596054,Viviene,Brasier,55532 Lotheville Center,675-7251502,vbrasier1x@merriam-webster.com
37579206,Emogene,Starmer,083 Golden Leaf Junction,148-7878354,estarmer1y@hibu.com
99102009,Ula,Boyford,380 Cordelia Court,257-1217083,uboyford1z@bloglines.com
05740773,Gabi,Strephan,17 Lukken Road,419-5102907,gstrephan20@chronoengine.com
06625409,Martina,Stonehouse,2964 Cascade Place,964-7749128,mstonehouse21@home.pl
58334242,Katheryn,Cunrado,09756 Florence Point,465-2921419,kcunrado22@over-blog.com
00244314,Gardy,Callway,5 Pond Park,013-4737012,gcallway23@ow.ly
91159113,Clarita,Lefley,5828 Graedel Pass,017-2614420,clefley24@google.com.au
97450591,Tommy,Case,22 Ilene Plaza,519-3588269,tcase25@icq.com
47274175,Devan,Foggarty,6887 Moland Hill,538-7993706,dfoggarty26@dagondesign.com
00790685,Stearn,Baugham,84860 Jay Road,424-0074463,sbaugham27@oaic.gov.au
84073570,Minor,Foat,1964 Jay Pass,681-1043752,mfoat28@princeton.edu
89394881,Ellswerth,Schubart,038 Oak Terrace,892-9276919,eschubart29@ameblo.jp
02301516,Maureene,Queenborough,829 Oak Valley Lane,342-9785588,mqueenborough2a@paypal.com
18138450,Whitaker,Kornacki,6 Lerdahl Plaza,401-4998700,wkornacki2b@over-blog.com
65374436,Beck,Thewlis,192 Sunnyside Court,424-5728250,bthewlis2c@thetimes.co.uk
99768273,Dodie,Chadwell,1 Harper Way,366-6732848,dchadwell2d@discovery.com
14387846,Nissy,Halfhead,60 Glacier Hill Street,844-2903553,nhalfhead2e@oaic.gov.au
83250970,Rainer,Dunnet,8 Goodland Pass,337-0365026,rdunnet2f@loc.gov
51675948,Blakeley,McQuade,34706 Northview Parkway,335-7075752,bmcquade2g@un.org
97330903,Jonis,Byng,394 Maywood Parkway,161-1381865,jbyng2h@quantcast.com
65790791,Cleve,Criple,60 Eagle Crest Parkway,739-3333061,ccriple2i@issuu.com
28116332,Berty,Ginnety,338 Messerschmidt Point,002-5640720,bginnety2j@chronoengine.com
64300881,Gweneth,McQuaide,249 Starling Point,217-8388365,gmcquaide2k@adobe.com
28670133,Brooke,De Anesy,7398 Jana Road,676-1261233,bdeanesy2l@earthlink.net
19034759,Jourdan,Neilly,5093 Dayton Park,553-0830586,jneilly2m@imdb.com
40488053,Tricia,Garvill,87 Porter Place,179-7479629,tgarvill2n@msn.com
62340152,Christine,Curee,10775 Huxley Street,959-4013352,ccuree2o@networksolutions.com
50254224,Noble,Fleury,61 Clemons Drive,569-0568376,nfleury2p@dailymotion.com
33002353,Rowe,Broadbere,1250 Grover Alley,439-9466361,rbroadbere2q@ebay.co.uk
38580769,Fannie,Farrimond,05 Lake View Lane,052-6374151,ffarrimond2r@redcross.org
